[{"pk": 1, "model": "presentations.presentation", "fields": {"presenters": [1, 3, 4, 5], "event": 1}}, {"pk": 1, "model": "presentations.queuepoint", "fields": {"presentation": 1, "slide": 2, "time_offset": 0}}, {"pk": 2, "model": "presentations.queuepoint", "fields": {"presentation": 1, "slide": 3, "time_offset": 1828}}, {"pk": 3, "model": "presentations.queuepoint", "fields": {"presentation": 1, "slide": 4, "time_offset": 1987}}, {"pk": 4, "model": "presentations.queuepoint", "fields": {"presentation": 1, "slide": 5, "time_offset": 2008}}, {"pk": 5, "model": "presentations.queuepoint", "fields": {"presentation": 1, "slide": 6, "time_offset": 2041}}, {"pk": 6, "model": "presentations.queuepoint", "fields": {"presentation": 1, "slide": 7, "time_offset": 2083}}, {"pk": 7, "model": "presentations.queuepoint", "fields": {"presentation": 1, "slide": 8, "time_offset": 2144}}, {"pk": 8, "model": "presentations.queuepoint", "fields": {"presentation": 1, "slide": 9, "time_offset": 2180}}, {"pk": 9, "model": "presentations.queuepoint", "fields": {"presentation": 1, "slide": 10, "time_offset": 2247}}, {"pk": 10, "model": "presentations.queuepoint", "fields": {"presentation": 1, "slide": 11, "time_offset": 2309}}, {"pk": 11, "model": "presentations.queuepoint", "fields": {"presentation": 1, "slide": 12, "time_offset": 2361}}, {"pk": 12, "model": "presentations.queuepoint", "fields": {"presentation": 1, "slide": 13, "time_offset": 2408}}, {"pk": 13, "model": "presentations.queuepoint", "fields": {"presentation": 1, "slide": 14, "time_offset": 2496}}, {"pk": 14, "model": "presentations.queuepoint", "fields": {"presentation": 1, "slide": 15, "time_offset": 2540}}, {"pk": 15, "model": "presentations.queuepoint", "fields": {"presentation": 1, "slide": 16, "time_offset": 2587}}, {"pk": 16, "model": "presentations.queuepoint", "fields": {"presentation": 1, "slide": 17, "time_offset": 2603}}, {"pk": 17, "model": "presentations.queuepoint", "fields": {"presentation": 1, "slide": 18, "time_offset": 2623}}, {"pk": 18, "model": "presentations.queuepoint", "fields": {"presentation": 1, "slide": 19, "time_offset": 2653}}, {"pk": 19, "model": "presentations.queuepoint", "fields": {"presentation": 1, "slide": 20, "time_offset": 2685}}, {"pk": 20, "model": "presentations.queuepoint", "fields": {"presentation": 1, "slide": 21, "time_offset": 2693}}, {"pk": 21, "model": "presentations.queuepoint", "fields": {"presentation": 1, "slide": 22, "time_offset": 2728}}, {"pk": 22, "model": "presentations.queuepoint", "fields": {"presentation": 1, "slide": 23, "time_offset": 2765}}, {"pk": 23, "model": "presentations.queuepoint", "fields": {"presentation": 1, "slide": 24, "time_offset": 2773}}, {"pk": 24, "model": "presentations.queuepoint", "fields": {"presentation": 1, "slide": 25, "time_offset": 2830}}, {"pk": 25, "model": "presentations.queuepoint", "fields": {"presentation": 1, "slide": 26, "time_offset": 2843}}, {"pk": 26, "model": "presentations.queuepoint", "fields": {"presentation": 1, "slide": 27, "time_offset": 2878}}, {"pk": 27, "model": "presentations.queuepoint", "fields": {"presentation": 1, "slide": 28, "time_offset": 2887}}, {"pk": 28, "model": "presentations.queuepoint", "fields": {"presentation": 1, "slide": 29, "time_offset": 2918}}, {"pk": 29, "model": "presentations.queuepoint", "fields": {"presentation": 1, "slide": 30, "time_offset": 2948}}, {"pk": 30, "model": "presentations.queuepoint", "fields": {"presentation": 1, "slide": 31, "time_offset": 2965}}, {"pk": 31, "model": "presentations.queuepoint", "fields": {"presentation": 1, "slide": 32, "time_offset": 2977}}, {"pk": 32, "model": "presentations.queuepoint", "fields": {"presentation": 1, "slide": 33, "time_offset": 3008}}, {"pk": 33, "model": "presentations.queuepoint", "fields": {"presentation": 1, "slide": 34, "time_offset": 3081}}, {"pk": 34, "model": "presentations.queuepoint", "fields": {"presentation": 1, "slide": 35, "time_offset": 3108}}, {"pk": 35, "model": "presentations.queuepoint", "fields": {"presentation": 1, "slide": 36, "time_offset": 3248}}, {"pk": 36, "model": "presentations.queuepoint", "fields": {"presentation": 1, "slide": 37, "time_offset": 3264}}, {"pk": 37, "model": "presentations.queuepoint", "fields": {"presentation": 1, "slide": 38, "time_offset": 3278}}, {"pk": 38, "model": "presentations.queuepoint", "fields": {"presentation": 1, "slide": 39, "time_offset": 3386}}, {"pk": 39, "model": "presentations.queuepoint", "fields": {"presentation": 1, "slide": 40, "time_offset": 3393}}, {"pk": 40, "model": "presentations.queuepoint", "fields": {"presentation": 1, "slide": 41, "time_offset": 3468}}, {"pk": 41, "model": "presentations.queuepoint", "fields": {"presentation": 1, "slide": 42, "time_offset": 3488}}, {"pk": 42, "model": "presentations.queuepoint", "fields": {"presentation": 1, "slide": 43, "time_offset": 3521}}, {"pk": 43, "model": "presentations.queuepoint", "fields": {"presentation": 1, "slide": 44, "time_offset": 3538}}, {"pk": 44, "model": "presentations.queuepoint", "fields": {"presentation": 1, "slide": 45, "time_offset": 3553}}, {"pk": 45, "model": "presentations.queuepoint", "fields": {"presentation": 1, "slide": 46, "time_offset": 3566}}, {"pk": 46, "model": "presentations.queuepoint", "fields": {"presentation": 1, "slide": 47, "time_offset": 3603}}, {"pk": 47, "model": "presentations.queuepoint", "fields": {"presentation": 1, "slide": 48, "time_offset": 3628}}, {"pk": 48, "model": "presentations.queuepoint", "fields": {"presentation": 1, "slide": 49, "time_offset": 3638}}, {"pk": 49, "model": "presentations.queuepoint", "fields": {"presentation": 1, "slide": 50, "time_offset": 3786}}, {"pk": 50, "model": "presentations.queuepoint", "fields": {"presentation": 1, "slide": 51, "time_offset": 3856}}, {"pk": 51, "model": "presentations.queuepoint", "fields": {"presentation": 1, "slide": 52, "time_offset": 3869}}, {"pk": 52, "model": "presentations.queuepoint", "fields": {"presentation": 1, "slide": 53, "time_offset": 3882}}, {"pk": 53, "model": "presentations.queuepoint", "fields": {"presentation": 1, "slide": 54, "time_offset": 3914}}, {"pk": 54, "model": "presentations.queuepoint", "fields": {"presentation": 1, "slide": 55, "time_offset": 3998}}, {"pk": 55, "model": "presentations.queuepoint", "fields": {"presentation": 1, "slide": 56, "time_offset": 4178}}, {"pk": 56, "model": "presentations.queuepoint", "fields": {"presentation": 1, "slide": 57, "time_offset": 4188}}, {"pk": 57, "model": "presentations.queuepoint", "fields": {"presentation": 1, "slide": 58, "time_offset": 4246}}, {"pk": 58, "model": "presentations.queuepoint", "fields": {"presentation": 1, "slide": 59, "time_offset": 4318}}, {"pk": 59, "model": "presentations.queuepoint", "fields": {"presentation": 1, "slide": 60, "time_offset": 4388}}, {"pk": 60, "model": "presentations.queuepoint", "fields": {"presentation": 1, "slide": 61, "time_offset": 4458}}, {"pk": 61, "model": "presentations.queuepoint", "fields": {"presentation": 1, "slide": 62, "time_offset": 4531}}, {"pk": 62, "model": "presentations.queuepoint", "fields": {"presentation": 1, "slide": 63, "time_offset": 4601}}, {"pk": 63, "model": "presentations.queuepoint", "fields": {"presentation": 1, "slide": 64, "time_offset": 4616}}, {"pk": 64, "model": "presentations.queuepoint", "fields": {"presentation": 1, "slide": 65, "time_offset": 4627}}, {"pk": 65, "model": "presentations.queuepoint", "fields": {"presentation": 1, "slide": 66, "time_offset": 4634}}, {"pk": 66, "model": "presentations.queuepoint", "fields": {"presentation": 1, "slide": 67, "time_offset": 4647}}, {"pk": 67, "model": "presentations.queuepoint", "fields": {"presentation": 1, "slide": 68, "time_offset": 4673}}, {"pk": 68, "model": "presentations.queuepoint", "fields": {"presentation": 1, "slide": 69, "time_offset": 4689}}, {"pk": 1, "model": "presentations.presenter", "fields": {"photo": "presenters/irene_law.jpg", "job_title": "Senior Manager, Business Banking, TD Bank Financial Group", "name": "Irene Law", "presenter_type": 1, "description": "<p>Irene Law is Senior Manager, Business Banking with TD Bank Financial Group. She has been involved with assisting businesses grow throughout her various roles in the bank. During this time, she has been a commercial lender to a variety of businesses from small, emerging companies to large multinational corporations.</p>\r\n<p>Irene has written articles directed at small businesses on topics ranging from business plans to financing. In her current role, Irene is responsible for developing strategies to drive business banking growth at TD Canada Trust.</p>"}}, {"pk": 3, "model": "presentations.presenter", "fields": {"photo": "presenters/daveolson.jpg", "job_title": "Community Marketing Director, HootSuite", "name": "Dave Olson", "presenter_type": 2, "description": "<p>Dave Olson (@daveohoots) is the Community Marketing Director for social media dashboard maker HootSuite. Working in the Internet space since 1996, Dave was a partner at two successful Internet Service Providers plus worked with start-ups including ecommerce software, open source web development, and a green business directory.</p>\r\n<p>Dave frequently presents at events, and appears in the media discussing technology, art, hockey and culture. A chronic documentarian from his earliest days, Dave creates visual art, writes essays and produces podcasts and led a ground-breaking project for social coverage of the Vancouver Olympics. After living and traveling worldwide, Dave now enjoys exploring his local North Vancouver mountains and forests.</p>"}}, {"pk": 4, "model": "presentations.presenter", "fields": {"photo": "presenters/zaheer_molu.jpg", "job_title": "Photographer, Z Molu Photography", "name": "Zaheer Molu", "presenter_type": 2, "description": "<p>Zaheer Molu is an International award winning wedding photographer based in Maple, Ontario. His namesake business Z Molu Photography is run by him and his wife and covers over 50 weddings a year around the world. With no formal education in photography, Zaheer started off shooting landscapes, cityscapes and architecture and slowly took on a few weddings for friends and family.</p>\r\n<p>Zaheer quickly became an overnight success attracting clients from all areas of the world. His passion for creating unique wedding images for his couples combined with his relentless pursuit of trying to out do himself at every shoot has made him one of the most sought after wedding photographers in his market.</p>"}}, {"pk": 5, "model": "presentations.presenter", "fields": {"photo": "presenters/chioma.jpg", "job_title": "Founder and Publisher, AM\u00d6I Magazine", "name": "Chioma", "presenter_type": 2, "description": "<p>In the fall of 2006, Chioma became Publisher and Founder of AM\u00d6I magazine, Canada's largest diverse magazine. AM\u00d6I Magazine is a lifestyle magazine that caters to the rich cultures and demographics of individuals, showcasing ordinary people doing extraordinary things.</p>\r\n<p>AM\u00d6I's mission is to educate the consumer about supplier diversity as a powerful business case in the work force, showcase corporations that have a diversity/supplier diversity mandate.</p>"}}, {"pk": 1, "model": "presentations.presentertype", "fields": {"name": "Moderator"}}, {"pk": 2, "model": "presentations.presentertype", "fields": {"name": "Speaker"}}, {"pk": 2, "model": "presentations.slide", "fields": {"image": "slides/Slide1.PNG", "presentation": 1}}, {"pk": 3, "model": "presentations.slide", "fields": {"image": "slides/Slide2.PNG", "presentation": 1}}, {"pk": 4, "model": "presentations.slide", "fields": {"image": "slides/Slide3.PNG", "presentation": 1}}, {"pk": 5, "model": "presentations.slide", "fields": {"image": "slides/Slide4.PNG", "presentation": 1}}, {"pk": 6, "model": "presentations.slide", "fields": {"image": "slides/Slide5.PNG", "presentation": 1}}, {"pk": 7, "model": "presentations.slide", "fields": {"image": "slides/Slide6.PNG", "presentation": 1}}, {"pk": 8, "model": "presentations.slide", "fields": {"image": "slides/Slide7.PNG", "presentation": 1}}, {"pk": 9, "model": "presentations.slide", "fields": {"image": "slides/Slide8.PNG", "presentation": 1}}, {"pk": 10, "model": "presentations.slide", "fields": {"image": "slides/Slide9.PNG", "presentation": 1}}, {"pk": 11, "model": "presentations.slide", "fields": {"image": "slides/Slide10.PNG", "presentation": 1}}, {"pk": 12, "model": "presentations.slide", "fields": {"image": "slides/Slide11.PNG", "presentation": 1}}, {"pk": 13, "model": "presentations.slide", "fields": {"image": "slides/Slide12.PNG", "presentation": 1}}, {"pk": 14, "model": "presentations.slide", "fields": {"image": "slides/Slide13.PNG", "presentation": 1}}, {"pk": 15, "model": "presentations.slide", "fields": {"image": "slides/Slide14.PNG", "presentation": 1}}, {"pk": 16, "model": "presentations.slide", "fields": {"image": "slides/Slide15.PNG", "presentation": 1}}, {"pk": 17, "model": "presentations.slide", "fields": {"image": "slides/Slide16.PNG", "presentation": 1}}, {"pk": 18, "model": "presentations.slide", "fields": {"image": "slides/Slide17.PNG", "presentation": 1}}, {"pk": 19, "model": "presentations.slide", "fields": {"image": "slides/Slide18.PNG", "presentation": 1}}, {"pk": 20, "model": "presentations.slide", "fields": {"image": "slides/Slide19.PNG", "presentation": 1}}, {"pk": 21, "model": "presentations.slide", "fields": {"image": "slides/Slide20.PNG", "presentation": 1}}, {"pk": 22, "model": "presentations.slide", "fields": {"image": "slides/Slide21.PNG", "presentation": 1}}, {"pk": 23, "model": "presentations.slide", "fields": {"image": "slides/Slide22.PNG", "presentation": 1}}, {"pk": 24, "model": "presentations.slide", "fields": {"image": "slides/Slide23.PNG", "presentation": 1}}, {"pk": 25, "model": "presentations.slide", "fields": {"image": "slides/Slide24.PNG", "presentation": 1}}, {"pk": 26, "model": "presentations.slide", "fields": {"image": "slides/Slide25.PNG", "presentation": 1}}, {"pk": 27, "model": "presentations.slide", "fields": {"image": "slides/Slide26.PNG", "presentation": 1}}, {"pk": 28, "model": "presentations.slide", "fields": {"image": "slides/Slide27.PNG", "presentation": 1}}, {"pk": 29, "model": "presentations.slide", "fields": {"image": "slides/Slide28.PNG", "presentation": 1}}, {"pk": 30, "model": "presentations.slide", "fields": {"image": "slides/Slide29.PNG", "presentation": 1}}, {"pk": 31, "model": "presentations.slide", "fields": {"image": "slides/Slide30.PNG", "presentation": 1}}, {"pk": 32, "model": "presentations.slide", "fields": {"image": "slides/Slide31.PNG", "presentation": 1}}, {"pk": 33, "model": "presentations.slide", "fields": {"image": "slides/Slide32.PNG", "presentation": 1}}, {"pk": 34, "model": "presentations.slide", "fields": {"image": "slides/Slide33.PNG", "presentation": 1}}, {"pk": 35, "model": "presentations.slide", "fields": {"image": "slides/Slide34.PNG", "presentation": 1}}, {"pk": 36, "model": "presentations.slide", "fields": {"image": "slides/Slide35.PNG", "presentation": 1}}, {"pk": 37, "model": "presentations.slide", "fields": {"image": "slides/Slide36.PNG", "presentation": 1}}, {"pk": 38, "model": "presentations.slide", "fields": {"image": "slides/Slide37.PNG", "presentation": 1}}, {"pk": 39, "model": "presentations.slide", "fields": {"image": "slides/Slide38.PNG", "presentation": 1}}, {"pk": 40, "model": "presentations.slide", "fields": {"image": "slides/Slide39.PNG", "presentation": 1}}, {"pk": 41, "model": "presentations.slide", "fields": {"image": "slides/Slide40.PNG", "presentation": 1}}, {"pk": 42, "model": "presentations.slide", "fields": {"image": "slides/Slide41.PNG", "presentation": 1}}, {"pk": 43, "model": "presentations.slide", "fields": {"image": "slides/Slide42.PNG", "presentation": 1}}, {"pk": 44, "model": "presentations.slide", "fields": {"image": "slides/Slide43.PNG", "presentation": 1}}, {"pk": 45, "model": "presentations.slide", "fields": {"image": "slides/Slide44.PNG", "presentation": 1}}, {"pk": 46, "model": "presentations.slide", "fields": {"image": "slides/Slide45.PNG", "presentation": 1}}, {"pk": 47, "model": "presentations.slide", "fields": {"image": "slides/Slide46.PNG", "presentation": 1}}, {"pk": 48, "model": "presentations.slide", "fields": {"image": "slides/Slide47.PNG", "presentation": 1}}, {"pk": 49, "model": "presentations.slide", "fields": {"image": "slides/Slide48.PNG", "presentation": 1}}, {"pk": 50, "model": "presentations.slide", "fields": {"image": "slides/Slide49.PNG", "presentation": 1}}, {"pk": 51, "model": "presentations.slide", "fields": {"image": "slides/Slide50.PNG", "presentation": 1}}, {"pk": 52, "model": "presentations.slide", "fields": {"image": "slides/Slide51.PNG", "presentation": 1}}, {"pk": 53, "model": "presentations.slide", "fields": {"image": "slides/Slide52.PNG", "presentation": 1}}, {"pk": 54, "model": "presentations.slide", "fields": {"image": "slides/Slide53.PNG", "presentation": 1}}, {"pk": 55, "model": "presentations.slide", "fields": {"image": "slides/Slide54.PNG", "presentation": 1}}, {"pk": 56, "model": "presentations.slide", "fields": {"image": "slides/Slide55.PNG", "presentation": 1}}, {"pk": 57, "model": "presentations.slide", "fields": {"image": "slides/Slide56.PNG", "presentation": 1}}, {"pk": 58, "model": "presentations.slide", "fields": {"image": "slides/Slide57.PNG", "presentation": 1}}, {"pk": 59, "model": "presentations.slide", "fields": {"image": "slides/Slide58.PNG", "presentation": 1}}, {"pk": 60, "model": "presentations.slide", "fields": {"image": "slides/Slide59.PNG", "presentation": 1}}, {"pk": 61, "model": "presentations.slide", "fields": {"image": "slides/Slide60.PNG", "presentation": 1}}, {"pk": 62, "model": "presentations.slide", "fields": {"image": "slides/Slide61.PNG", "presentation": 1}}, {"pk": 63, "model": "presentations.slide", "fields": {"image": "slides/Slide62.PNG", "presentation": 1}}, {"pk": 64, "model": "presentations.slide", "fields": {"image": "slides/Slide63.PNG", "presentation": 1}}, {"pk": 65, "model": "presentations.slide", "fields": {"image": "slides/Slide64.PNG", "presentation": 1}}, {"pk": 66, "model": "presentations.slide", "fields": {"image": "slides/Slide65.PNG", "presentation": 1}}, {"pk": 67, "model": "presentations.slide", "fields": {"image": "slides/Slide66.PNG", "presentation": 1}}, {"pk": 68, "model": "presentations.slide", "fields": {"image": "slides/Slide67.PNG", "presentation": 1}}, {"pk": 69, "model": "presentations.slide", "fields": {"image": "slides/Slide68.PNG", "presentation": 1}}]
